<?xml version="1.0" encoding="UTF-8"?>
<project>
	<author>${author}</author>
	<title>${title}</title>
	<description>${description}</description>
	<locale>${locale}</locale>

	<media-queries>
		<media-query alias="portrait" expression="orientation: portrait" />
		<media-query alias="lgd" expression="min-width: 1200px" />
		<media-query alias="mdd" expression="max-width: 992px" />
		<media-query alias="smd" expression="max-width: 768px" />
		<media-query alias="xsd" expression="max-width: 560px" />
		<media-query alias="h700" expression="max-height: 700px" />
	</media-queries>

	<head>
		<meta http-equiv="X-UA-Compatible" content="IE=9; IE=8; IE=7; IE=EDGE"></meta>
		<meta name="viewport" content="width=device-width, initial-scale=1.0, maximum-scale=1.0"></meta>

		<meta property="og:title" content="${title}"></meta>
		<meta property="og:description" content="${description}"></meta>
		<meta property="og:image" content="${featured-image}"></meta>
		<meta property="og:url" content="${site-url}"></meta>
		<meta name="twitter:card" content="${featured-image}"></meta>

		<link rel="stylesheet" href="http://fonts.googleapis.com/css?family=Open+Sans" type="text/css"></link>
		<link rel="stylesheet" href="http://fonts.googleapis.com/css?family=Great+Vibes" type="text/css"></link>

		<script src="lib/sdk/analytics.js" type="text/javascript" defer="false" embedded="true"></script>
		<script src="lib/sdk/facebook.js" type="text/javascript" defer="false" embedded="true"></script>
		<script src="lib/js-lib/js-lib.js" type="text/javascript" defer="true"></script>
	</head>

	<dependencies>
		<dependency>
			<groupId>com.js-lib</groupId>
			<artifactId>captcha</artifactId>
			<version>1.0.0</version>
		</dependency>
	</dependencies>

	<repositories>
		<repository>
			<id>js-lib</id>
			<name>j(s)-lib maven</name>
			<url>http://maven.js-lib.com/</url>
		</repository>
	</repositories>
</project>
